{
  "environment" : "unittest",
  "summary" : "Python course.\nCreated: Oct 25, 2020, 1:30:35 AM.",
  "title" : "Module 6 Exercises",
  "authors" : [
    "Corra"
  ],
  "programming_language" : "Python",
  "language" : "en",
  "course_type" : "PyCharm",
  "items" : [
    {
      "title" : "lesson1",
      "task_list" : [
        {
          "name" : "String length",
          "files" : {
            "__init__.py" : {
              "name" : "__init__.py",
              "placeholders" : [ ],
              "is_visible" : false,
              "text" : ""
            },
            "tests/output.txt" : {
              "name" : "tests/output.txt",
              "placeholders" : [ ],
              "is_visible" : false,
              "text" : "Please enter a word: The length of beach is 5\n"
            },
            "desktop.ini" : {
              "name" : "desktop.ini",
              "placeholders" : [ ],
              "is_visible" : true,
              "text" : "[\u0000.\u0000S\u0000h\u0000e\u0000l\u0000l\u0000C\u0000l\u0000a\u0000s\u0000s\u0000I\u0000n\u0000f\u0000o\u0000]\u0000\n\u0000\n\u0000C\u0000o\u0000n\u0000f\u0000i\u0000r\u0000m\u0000F\u0000i\u0000l\u0000e\u0000O\u0000p\u0000=\u00000\u0000\n\u0000\n\u0000I\u0000c\u0000o\u0000n\u0000R\u0000e\u0000s\u0000o\u0000u\u0000r\u0000c\u0000e\u0000=\u0000C\u0000:\u0000\\\u0000P\u0000r\u0000o\u0000g\u0000r\u0000a\u0000m\u0000 \u0000F\u0000i\u0000l\u0000e\u0000s\u0000\\\u0000G\u0000o\u0000o\u0000g\u0000l\u0000e\u0000\\\u0000D\u0000r\u0000i\u0000v\u0000e\u0000 \u0000F\u0000i\u0000l\u0000e\u0000 \u0000S\u0000t\u0000r\u0000e\u0000a\u0000m\u0000\\\u00004\u00002\u0000.\u00000\u0000.\u00001\u00001\u0000.\u00000\u0000\\\u0000G\u0000o\u0000o\u0000g\u0000l\u0000e\u0000D\u0000r\u0000i\u0000v\u0000e\u0000F\u0000S\u0000.\u0000e\u0000x\u0000e\u0000,\u00002\u00001\u0000\n\u0000\n\u0000"
            },
            "tests/desktop.ini" : {
              "name" : "tests/desktop.ini",
              "placeholders" : [ ],
              "is_visible" : false,
              "text" : "[\u0000.\u0000S\u0000h\u0000e\u0000l\u0000l\u0000C\u0000l\u0000a\u0000s\u0000s\u0000I\u0000n\u0000f\u0000o\u0000]\u0000\n\u0000\n\u0000C\u0000o\u0000n\u0000f\u0000i\u0000r\u0000m\u0000F\u0000i\u0000l\u0000e\u0000O\u0000p\u0000=\u00000\u0000\n\u0000\n\u0000I\u0000c\u0000o\u0000n\u0000R\u0000e\u0000s\u0000o\u0000u\u0000r\u0000c\u0000e\u0000=\u0000C\u0000:\u0000\\\u0000P\u0000r\u0000o\u0000g\u0000r\u0000a\u0000m\u0000 \u0000F\u0000i\u0000l\u0000e\u0000s\u0000\\\u0000G\u0000o\u0000o\u0000g\u0000l\u0000e\u0000\\\u0000D\u0000r\u0000i\u0000v\u0000e\u0000 \u0000F\u0000i\u0000l\u0000e\u0000 \u0000S\u0000t\u0000r\u0000e\u0000a\u0000m\u0000\\\u00004\u00002\u0000.\u00000\u0000.\u00001\u00001\u0000.\u00000\u0000\\\u0000G\u0000o\u0000o\u0000g\u0000l\u0000e\u0000D\u0000r\u0000i\u0000v\u0000e\u0000F\u0000S\u0000.\u0000e\u0000x\u0000e\u0000,\u00002\u00001\u0000\n\u0000\n\u0000"
            },
            "main.py" : {
              "name" : "main.py",
              "placeholders" : [
                {
                  "offset" : 90,
                  "length" : 27,
                  "possible_answer" : "str(len(word))",
                  "placeholder_text" : "length of word just entered"
                }
              ],
              "is_visible" : true,
              "text" : "# author:\n\nword = input(\"Please enter a word: \")\nprint(\"The length of \" + word + \" is \" + length of word just entered)\n"
            }
          },
          "description_text" : "<html>\n<head>\n<style>\nbody {\n  font-family: Arial, Helvetica, sans-serif;\n  margin: 1em;\n}\np{\n    font-size:1.1em;\n}\nli{\n    font-size:1.1em;\n}\nh1 {\n    font-size:2em;\n}\nh2{\n    font-size:1.7em;\n}\ntd,th{\n   padding:1em;\n   border: .1em solid blue;\n}\ntable{\n   border-collapse:collapse;\n}\n</style>\n</head>\n<h1>String length function</h1>\n\n<p>The function <b>len</b> tells how long a string is<br>\n\nSo if oneTwoThree = \"123\",<br>\n    len(oneTwoThree) is three</p>\n\n<h2>Task:</h2>\n\n<p>Print the length of a user supplied word<br>\n    Of course, you didn't forget about type conversion, did you?</p>\n<h2>Test</h2>\n<table>\n    <tr>\n        <th>word</th>\n        <th>output</th>\n    </tr>\n    <tr>\n        <td>beach</td>\n        <td>The length of beach is 5</td>\n    </tr>\n</table>\n</html>\n",
          "description_format" : "HTML",
          "feedback_link" : {
            "link_type" : "STEPIK"
          },
          "task_type" : "output"
        },
        {
          "name" : "one tailed if",
          "files" : {
            "main.py" : {
              "name" : "main.py",
              "placeholders" : [
                {
                  "offset" : 80,
                  "length" : 34,
                  "possible_answer" : "if weight > max_weight:",
                  "placeholder_text" : "condition for extra baggage charge"
                }
              ],
              "is_visible" : true,
              "text" : "# author:\n\nweight = float(input(\"Enter weight of luggage: \"))\n\nmax_weight = 50\n\ncondition for extra baggage charge\n    print(\"Extra charge for overweight bag\")\n\nprint(\"Thanks for flying with us\")\n"
            },
            "__init__.py" : {
              "name" : "__init__.py",
              "placeholders" : [ ],
              "is_visible" : false,
              "text" : ""
            },
            "tests/output.txt" : {
              "name" : "tests/output.txt",
              "placeholders" : [ ],
              "is_visible" : false,
              "text" : "Enter weight of luggage: Extra charge for overweight bag\nThanks for flying with us\n"
            },
            "tests/desktop.ini" : {
              "name" : "tests/desktop.ini",
              "placeholders" : [ ],
              "is_visible" : false,
              "text" : "[\u0000.\u0000S\u0000h\u0000e\u0000l\u0000l\u0000C\u0000l\u0000a\u0000s\u0000s\u0000I\u0000n\u0000f\u0000o\u0000]\u0000\n\u0000\n\u0000C\u0000o\u0000n\u0000f\u0000i\u0000r\u0000m\u0000F\u0000i\u0000l\u0000e\u0000O\u0000p\u0000=\u00000\u0000\n\u0000\n\u0000I\u0000c\u0000o\u0000n\u0000R\u0000e\u0000s\u0000o\u0000u\u0000r\u0000c\u0000e\u0000=\u0000C\u0000:\u0000\\\u0000P\u0000r\u0000o\u0000g\u0000r\u0000a\u0000m\u0000 \u0000F\u0000i\u0000l\u0000e\u0000s\u0000\\\u0000G\u0000o\u0000o\u0000g\u0000l\u0000e\u0000\\\u0000D\u0000r\u0000i\u0000v\u0000e\u0000 \u0000F\u0000i\u0000l\u0000e\u0000 \u0000S\u0000t\u0000r\u0000e\u0000a\u0000m\u0000\\\u00004\u00002\u0000.\u00000\u0000.\u00001\u00001\u0000.\u00000\u0000\\\u0000G\u0000o\u0000o\u0000g\u0000l\u0000e\u0000D\u0000r\u0000i\u0000v\u0000e\u0000F\u0000S\u0000.\u0000e\u0000x\u0000e\u0000,\u00002\u00001\u0000\n\u0000\n\u0000"
            },
            "desktop.ini" : {
              "name" : "desktop.ini",
              "placeholders" : [ ],
              "is_visible" : true,
              "text" : "[\u0000.\u0000S\u0000h\u0000e\u0000l\u0000l\u0000C\u0000l\u0000a\u0000s\u0000s\u0000I\u0000n\u0000f\u0000o\u0000]\u0000\n\u0000\n\u0000C\u0000o\u0000n\u0000f\u0000i\u0000r\u0000m\u0000F\u0000i\u0000l\u0000e\u0000O\u0000p\u0000=\u00000\u0000\n\u0000\n\u0000I\u0000c\u0000o\u0000n\u0000R\u0000e\u0000s\u0000o\u0000u\u0000r\u0000c\u0000e\u0000=\u0000C\u0000:\u0000\\\u0000P\u0000r\u0000o\u0000g\u0000r\u0000a\u0000m\u0000 \u0000F\u0000i\u0000l\u0000e\u0000s\u0000\\\u0000G\u0000o\u0000o\u0000g\u0000l\u0000e\u0000\\\u0000D\u0000r\u0000i\u0000v\u0000e\u0000 \u0000F\u0000i\u0000l\u0000e\u0000 \u0000S\u0000t\u0000r\u0000e\u0000a\u0000m\u0000\\\u00004\u00002\u0000.\u00000\u0000.\u00001\u00001\u0000.\u00000\u0000\\\u0000G\u0000o\u0000o\u0000g\u0000l\u0000e\u0000D\u0000r\u0000i\u0000v\u0000e\u0000F\u0000S\u0000.\u0000e\u0000x\u0000e\u0000,\u00002\u00001\u0000\n\u0000\n\u0000"
            }
          },
          "description_text" : "<html>\n<head>\n<style>\nbody {\n  font-family: Arial, Helvetica, sans-serif;\n  margin: 1em;\n}\np{\n    font-size:1.1em;\n}\nli{\n    font-size:1.1em;\n}\nh1 {\n    font-size:2em;\n}\nh2{\n    font-size:1.7em;\n}\ntd,th{\n   padding:1em;\n   border: .1em solid blue;\n}\ntable{\n   border-collapse:collapse;\n}\n</style>\n</head>\n<h1>Simple (one tailed) if</h1>\n\n<p>The <b>if</b> command allows us to make a choice or a selection</p>\n\n<p>In its simplest form, when the condition is met,<br>\n    the program executes extra statements</p>\n\n<p>The format of a <b>one tailed if</b> is:<br>\n\nif condition<b>:</b><br>\n&nbsp;&nbsp;&nbsp;&nbsp;&nbsp;statement</p>\n<h3>Example</h3>\nif grade >= 90:<br>\n&nbsp;&nbsp;&nbsp;&nbsp;&nbsp;print(\"Great work!\")</p>\n\n<h3>Notes</h3>\n\nCondition is anything that evaluates to a Boolean.\n<ul>\n<li>The condition can be simple or complex.</li>\n    <li>The condition <b>must</b> be followed by a colon</li>\n</ul>\n\n<h3>Task:</h3>\n<p>Display \"Addition baggage charge\"<br> if baggage weight is greater than 50 pounds</p>\n<h2>Test</h2>\n<table>\n    <tr>\n        <th>weight</th>\n        <th>output</th>\n    </tr>\n    <tr>\n        <td>50.1</td>\n        <td>Addition baggage charge</td>\n    </tr>\n</table>\n\n</html>\n",
          "description_format" : "HTML",
          "feedback_link" : {
            "link_type" : "STEPIK"
          },
          "task_type" : "output"
        },
        {
          "name" : "Two tailed if",
          "files" : {
            "task.py" : {
              "name" : "task.py",
              "placeholders" : [
                {
                  "offset" : 70,
                  "length" : 25,
                  "possible_answer" : "if secret_word == word:",
                  "placeholder_text" : "condition for guess right"
                },
                {
                  "offset" : 136,
                  "length" : 9,
                  "possible_answer" : "else:",
                  "placeholder_text" : "otherwise"
                }
              ],
              "is_visible" : true,
              "text" : "# author\ndef match_secret_word(word):\n    secret_word = \"secret\"\n\n    condition for guess right\n        result = \"We have a winner\"\n    otherwise\n        result = \"Please try again\"\n\n    return result\n\n\nword = input(\"Please guess the secret word: \")\nprint(match_secret_word(word))\n"
            },
            "tests/test_task.py" : {
              "name" : "tests/test_task.py",
              "placeholders" : [ ],
              "is_visible" : false,
              "text" : "import unittest\n\nfrom ..task import match_secret_word\n\n\n# todo: replace this with an actual test\nclass TestCase(unittest.TestCase):\n    def test_guess_right(self):\n        self.assertEqual(match_secret_word(\"secret\"), \"We have a winner\", msg=\"secret word guessed\")\n\n    def test_guess_wrong(self):\n        self.assertEqual(match_secret_word(\"a\"), \"Please try again\", msg=\"secret word not guessed\")\n"
            },
            "__init__.py" : {
              "name" : "__init__.py",
              "placeholders" : [ ],
              "is_visible" : false,
              "text" : ""
            },
            "tests/__init__.py" : {
              "name" : "tests/__init__.py",
              "placeholders" : [ ],
              "is_visible" : false,
              "text" : ""
            },
            "desktop.ini" : {
              "name" : "desktop.ini",
              "placeholders" : [ ],
              "is_visible" : true,
              "text" : "[\u0000.\u0000S\u0000h\u0000e\u0000l\u0000l\u0000C\u0000l\u0000a\u0000s\u0000s\u0000I\u0000n\u0000f\u0000o\u0000]\u0000\n\u0000\n\u0000C\u0000o\u0000n\u0000f\u0000i\u0000r\u0000m\u0000F\u0000i\u0000l\u0000e\u0000O\u0000p\u0000=\u00000\u0000\n\u0000\n\u0000I\u0000c\u0000o\u0000n\u0000R\u0000e\u0000s\u0000o\u0000u\u0000r\u0000c\u0000e\u0000=\u0000C\u0000:\u0000\\\u0000P\u0000r\u0000o\u0000g\u0000r\u0000a\u0000m\u0000 \u0000F\u0000i\u0000l\u0000e\u0000s\u0000\\\u0000G\u0000o\u0000o\u0000g\u0000l\u0000e\u0000\\\u0000D\u0000r\u0000i\u0000v\u0000e\u0000 \u0000F\u0000i\u0000l\u0000e\u0000 \u0000S\u0000t\u0000r\u0000e\u0000a\u0000m\u0000\\\u00004\u00002\u0000.\u00000\u0000.\u00001\u00001\u0000.\u00000\u0000\\\u0000G\u0000o\u0000o\u0000g\u0000l\u0000e\u0000D\u0000r\u0000i\u0000v\u0000e\u0000F\u0000S\u0000.\u0000e\u0000x\u0000e\u0000,\u00002\u00001\u0000\n\u0000\n\u0000"
            },
            "tests/desktop.ini" : {
              "name" : "tests/desktop.ini",
              "placeholders" : [ ],
              "is_visible" : false,
              "text" : "[\u0000.\u0000S\u0000h\u0000e\u0000l\u0000l\u0000C\u0000l\u0000a\u0000s\u0000s\u0000I\u0000n\u0000f\u0000o\u0000]\u0000\n\u0000\n\u0000C\u0000o\u0000n\u0000f\u0000i\u0000r\u0000m\u0000F\u0000i\u0000l\u0000e\u0000O\u0000p\u0000=\u00000\u0000\n\u0000\n\u0000I\u0000c\u0000o\u0000n\u0000R\u0000e\u0000s\u0000o\u0000u\u0000r\u0000c\u0000e\u0000=\u0000C\u0000:\u0000\\\u0000P\u0000r\u0000o\u0000g\u0000r\u0000a\u0000m\u0000 \u0000F\u0000i\u0000l\u0000e\u0000s\u0000\\\u0000G\u0000o\u0000o\u0000g\u0000l\u0000e\u0000\\\u0000D\u0000r\u0000i\u0000v\u0000e\u0000 \u0000F\u0000i\u0000l\u0000e\u0000 \u0000S\u0000t\u0000r\u0000e\u0000a\u0000m\u0000\\\u00004\u00002\u0000.\u00000\u0000.\u00001\u00001\u0000.\u00000\u0000\\\u0000G\u0000o\u0000o\u0000g\u0000l\u0000e\u0000D\u0000r\u0000i\u0000v\u0000e\u0000F\u0000S\u0000.\u0000e\u0000x\u0000e\u0000,\u00002\u00001\u0000\n\u0000\n\u0000"
            }
          },
          "description_text" : "<html>\n<head>\n<style>\nbody {\n  font-family: Arial, Helvetica, sans-serif;\n  margin: 1em;\n}\np{\n    font-size:1.1em;\n}\nli{\n    font-size:1.1em;\n}\nh1 {\n    font-size:2em;\n}\nh2{\n    font-size:1.7em;\n}\ntd,th{\n   padding:1em;\n   border: .1em solid blue;\n}\ntable{\n   border-collapse:collapse;\n}\n</style>\n</head>\n<h1>if - else (two tailed if)</h1>\n\n<p>If you have a choice, and you want to execute a certain set of statements if the condition is true, and another set of statements in the condition is false, you want to use if - else, the two tailed if\n</p>\n\n\n<p>\nThe format of a two tailed if is:\n</p>\n<p>if condition:<br>\n&nbsp;&nbsp;&nbsp;&nbsp;&nbsp;true statement(s)<br>\nelse:<br>\n&nbsp;&nbsp;&nbsp;&nbsp;&nbsp;false statement(s)\n</p>\n\n<p>\nTrue statement(s) are executed if condition is true<br>\nFalse statement(s) are executed if condition is true\n</p>\n\n<b>Note the colon after the condition and the else</b>\n<h3>Example</h3>\n<p>\n    free_shipping_minimum = 25<br><br>\n    if invoice_total >= free_shipping_minimum:<br>\n&nbsp;&nbsp;&nbsp;&nbsp;&nbsp;print(\"Free shipping\")<br>\n    else:<br>\n&nbsp;&nbsp;&nbsp;&nbsp;&nbsp;print(\"Pay for shipping\")\n</p>\n\n<h3>Task:</h3>\n\nDisplay \"\"We have a winner\" if the user guesses the secret word<br>\nand \"Please try again\" if not\n\n\n<h2>Tests</h2>\n<table>\n    <tr>\n        <th>word</th>\n        <th>output</th>\n    </tr>\n    <tr>\n        <td>secret</td>\n        <td>We have a winner</td>\n    </tr>\n    <tr>\n        <td>a</td>\n        <td>Please try again</td>\n    </tr>\n</table>\n\n</html>\n",
          "description_format" : "HTML",
          "feedback_link" : {
            "link_type" : "STEPIK"
          },
          "task_type" : "edu"
        },
        {
          "name" : "Multi tailed if",
          "files" : {
            "task.py" : {
              "name" : "task.py",
              "placeholders" : [
                {
                  "offset" : 76,
                  "length" : 44,
                  "possible_answer" : "if sales >= 20000:",
                  "placeholder_text" : "condition for first line of commission table"
                },
                {
                  "offset" : 157,
                  "length" : 44,
                  "possible_answer" : "elif sales >= 10000:",
                  "placeholder_text" : "condition for first line of commission table"
                },
                {
                  "offset" : 237,
                  "length" : 44,
                  "possible_answer" : "else:",
                  "placeholder_text" : "condition for third line of commission table"
                }
              ],
              "is_visible" : true,
              "text" : "# author\n\n\ndef calculate_commission(sales):\n    commission_percent = 0\n\n    condition for first line of commission table\n        commission_percent = 10\n    condition for first line of commission table\n        commission_percent = 7\n    condition for third line of commission table\n        commission_percent = 5\n\n    return round(sales * commission_percent / 100, 2)\n\n\nsales_amount = float(input(\"Please enter sales amount: \"))\nprint(\"Commission is\", '${:,.2f}'.format(calculate_commission(sales_amount)))\n"
            },
            "tests/test_task.py" : {
              "name" : "tests/test_task.py",
              "placeholders" : [ ],
              "is_visible" : false,
              "text" : "import unittest\n\nfrom ..task import calculate_commission\n\n\n# todo: replace this with an actual test\nclass TestCase(unittest.TestCase):\n    def test_20000(self):\n        self.assertEqual(2000.0, calculate_commission(20000), msg=\"commission on 20000 is 2000\")\n\n    def test_19999(self):\n        self.assertEqual(1400.0, calculate_commission(19999.99), msg=\"commission on 19999.99 is 1400\")\n\n    def test_10000(self):\n        self.assertEqual(700.0, calculate_commission(10000), msg=\"commission on 10000 is 700\")\n\n    def test_9999(self):\n        self.assertEqual(500.0, calculate_commission(9999.99), msg=\"commission on 9999.99 is 500\")\n"
            },
            "__init__.py" : {
              "name" : "__init__.py",
              "placeholders" : [ ],
              "is_visible" : false,
              "text" : ""
            },
            "tests/__init__.py" : {
              "name" : "tests/__init__.py",
              "placeholders" : [ ],
              "is_visible" : false,
              "text" : ""
            },
            "desktop.ini" : {
              "name" : "desktop.ini",
              "placeholders" : [ ],
              "is_visible" : true,
              "text" : "[\u0000.\u0000S\u0000h\u0000e\u0000l\u0000l\u0000C\u0000l\u0000a\u0000s\u0000s\u0000I\u0000n\u0000f\u0000o\u0000]\u0000\n\u0000\n\u0000C\u0000o\u0000n\u0000f\u0000i\u0000r\u0000m\u0000F\u0000i\u0000l\u0000e\u0000O\u0000p\u0000=\u00000\u0000\n\u0000\n\u0000I\u0000c\u0000o\u0000n\u0000R\u0000e\u0000s\u0000o\u0000u\u0000r\u0000c\u0000e\u0000=\u0000C\u0000:\u0000\\\u0000P\u0000r\u0000o\u0000g\u0000r\u0000a\u0000m\u0000 \u0000F\u0000i\u0000l\u0000e\u0000s\u0000\\\u0000G\u0000o\u0000o\u0000g\u0000l\u0000e\u0000\\\u0000D\u0000r\u0000i\u0000v\u0000e\u0000 \u0000F\u0000i\u0000l\u0000e\u0000 \u0000S\u0000t\u0000r\u0000e\u0000a\u0000m\u0000\\\u00004\u00002\u0000.\u00000\u0000.\u00001\u00001\u0000.\u00000\u0000\\\u0000G\u0000o\u0000o\u0000g\u0000l\u0000e\u0000D\u0000r\u0000i\u0000v\u0000e\u0000F\u0000S\u0000.\u0000e\u0000x\u0000e\u0000,\u00002\u00001\u0000\n\u0000\n\u0000"
            },
            "tests/desktop.ini" : {
              "name" : "tests/desktop.ini",
              "placeholders" : [ ],
              "is_visible" : false,
              "text" : "[\u0000.\u0000S\u0000h\u0000e\u0000l\u0000l\u0000C\u0000l\u0000a\u0000s\u0000s\u0000I\u0000n\u0000f\u0000o\u0000]\u0000\n\u0000\n\u0000C\u0000o\u0000n\u0000f\u0000i\u0000r\u0000m\u0000F\u0000i\u0000l\u0000e\u0000O\u0000p\u0000=\u00000\u0000\n\u0000\n\u0000I\u0000c\u0000o\u0000n\u0000R\u0000e\u0000s\u0000o\u0000u\u0000r\u0000c\u0000e\u0000=\u0000C\u0000:\u0000\\\u0000P\u0000r\u0000o\u0000g\u0000r\u0000a\u0000m\u0000 \u0000F\u0000i\u0000l\u0000e\u0000s\u0000\\\u0000G\u0000o\u0000o\u0000g\u0000l\u0000e\u0000\\\u0000D\u0000r\u0000i\u0000v\u0000e\u0000 \u0000F\u0000i\u0000l\u0000e\u0000 \u0000S\u0000t\u0000r\u0000e\u0000a\u0000m\u0000\\\u00004\u00002\u0000.\u00000\u0000.\u00001\u00001\u0000.\u00000\u0000\\\u0000G\u0000o\u0000o\u0000g\u0000l\u0000e\u0000D\u0000r\u0000i\u0000v\u0000e\u0000F\u0000S\u0000.\u0000e\u0000x\u0000e\u0000,\u00002\u00001\u0000\n\u0000\n\u0000"
            }
          },
          "description_text" : "<html xmlns=\"http://www.w3.org/1999/html\">\n<head>\n<style>\nbody {\n  font-family: Arial, Helvetica, sans-serif;\n  margin: 1em;\n}\np{\n    font-size:1.1em;\n}\nli{\n    font-size:1.1em;\n}\nh1 {\n    font-size:2em;\n}\nh2{\n    font-size:1.7em;\n}\ntd,th{\n   padding:1em;\n   border: .1em solid blue;\n}\ntable{\n   border-collapse:collapse;\n}\n</style>\n</head>\n<h1>if - elif - else (multi tailed if)</h1>\n<p>\nOften you have several levels of selection, not just two.<br>\nA grading scheme, for example, presents 5 outcomes: grades of A, B, C, D and F\n</p>\n<p>\nWhile you could handle this with just if and else, the code is complex.\nIt's much simpler to use the<br>\n    <b>if - elif - else</b> construct.\n</p>\n<h3>Example</h3>\n<p>\ngrade_percent_A = 90<br>\ngrade_percent_B = 80<br>\ngrade_percent_C = 70<br>\ngrade_percent_D = 60<br><br>\n\nif gradePercent >= grade_percent_A:<br>\n    &nbsp;&nbsp;&nbsp;&nbsp;&nbsp;grade = \"A\"<br>\nelif gradePercent >= grade_percent_B:<br>\n    &nbsp;&nbsp;&nbsp;&nbsp;&nbsp;grade = \"B\"<br>\nelif gradePercent >= grade_percent_C:<br>\n    &nbsp;&nbsp;&nbsp;&nbsp;&nbsp;grade = \"C\"<br>\nelif gradePercent >= grade_percent_D:<br>\n    &nbsp;&nbsp;&nbsp;&nbsp;&nbsp;grade = \"D\"<br>\nelse:<br>\n    &nbsp;&nbsp;&nbsp;&nbsp;&nbsp;grade = \"F\"\n</p>\n\n<p>\n <b>Note</b> that elif assumes the <b>if</b> (or elif) preceding it is false, simplifying coding\n</p>\n<p>\nFor example, you don't have to code:<br>\n&nbsp;&nbsp;&nbsp;&nbsp;&nbsp;elif gradePercent >= 80 and gradePercent < 90:<br>\n    since the if preceding <b>if gradePercent >= 90</b> is false.<br></p>\n<p>\nInstead you code the simpler<br>\n&nbsp;&nbsp;&nbsp;&nbsp;&nbsp;elif gradePercent >= 80:\n</p>\n\n<b>Note:</b>  This is not a suggestion.  This is good programming practice. <br>\nMaintenance is much easier if you don't have to change two values when the range changes\n\n<h2>Task:</h2>\n\n<p>A company has the following commission structure:</p>\n<table border = \"1\" style=\"margin:auto\">\n    <tr>\n        <th>Sales</th>\n        <th style = \"padding: .5em\">Commission Percent</th>\n     </tr>\n     <tr>\n        <td style = \"padding: .5em; text-align: center\"> >= 20000</td>\n        <td style =\"text-align:center\"> 10%</td>\n       </tr>\n            <tr>\n        <td style = \"padding: .5em; text-align: center\"> < 20000 and >= 10000</td>\n        <td style =\"text-align:center\"> 7%</td>\n       </tr>\n            <tr>\n        <td style = \"padding: .5em; text-align: center\"> < 10000</td>\n        <td style =\"text-align:center\"> 5%</td>\n       </tr>\n</table>\n<p>Calculate the commission given sales.</p>\n\n<h2>Tests</h2>\n<table border = \"1\" style=\"margin:auto\">\n    <tr>\n        <th>Sales</th>\n        <th style = \"padding: .5em\">Commission Amount</th>\n     </tr>\n     <tr>\n        <td style = \"padding: .5em; text-align: center\">20000</td>\n        <td style =\"text-align:center\"> $2,000.00</td>\n     </tr>\n     <tr>\n        <td style = \"padding: .5em; text-align: center\"> 19999.99</td>\n        <td style =\"text-align:center\"> $1,400.00</td>\n     </tr>\n     <tr>\n        <td style = \"padding: .5em; text-align: center\">10000</td>\n        <td style =\"text-align:center\">$700.00</td>\n     </tr>\n         <tr>\n        <td style = \"padding: .5em; text-align: center\">9999.99</td>\n        <td style =\"text-align:center\">$500.00</td>\n     </tr>\n</table>\n\n</html>\n",
          "description_format" : "HTML",
          "feedback_link" : {
            "link_type" : "STEPIK"
          },
          "task_type" : "edu"
        },
        {
          "name" : "Lists",
          "files" : {
            "task.py" : {
              "name" : "task.py",
              "placeholders" : [
                {
                  "offset" : 47,
                  "length" : 19,
                  "possible_answer" : "my_list += [item]",
                  "placeholder_text" : "Add item to my_list"
                },
                {
                  "offset" : 130,
                  "length" : 43,
                  "possible_answer" : "return my_list[index]",
                  "placeholder_text" : "return item at specified index from my_list"
                }
              ],
              "is_visible" : true,
              "text" : "# author\n\n\ndef add_to_list(my_list, item):\n    Add item to my_list\n    return my_list\n\n\ndef select_from_list(my_list, index):\n    return item at specified index from my_list\n\n\ngroceries = [\"bread\", \"milk\", \"sugar\"]\nprint(\"First item in grocery list\", select_from_list(groceries, 0))\nprint(\"Last item in grocery list\", select_from_list(groceries, len(groceries) - 1))\nprint()\n\nitem_to_add = input(\"What item do you want to add to the grocery list? \")\nadd_to_list(groceries, item_to_add)\n\nprint(\"First item in grocery list\", select_from_list(groceries, 0))\nprint(\"Last item in grocery list\", select_from_list(groceries, len(groceries) - 1))\n\n\n"
            },
            "tests/test_task.py" : {
              "name" : "tests/test_task.py",
              "placeholders" : [ ],
              "is_visible" : false,
              "text" : "import unittest\n\nfrom ..task import select_from_list, add_to_list\n\n\n# todo: replace this with an actual test\nclass TestCase(unittest.TestCase):\n    def test_select0(self):\n        self.assertEqual(select_from_list([\"bread\", \"milk\", \"sugar\"], 0), \"bread\", msg=\"select item at specified index\")\n\n    def test_select2(self):\n        self.assertEqual(select_from_list([\"bread\", \"milk\", \"sugar\"], 2), \"sugar\", msg=\"select item at specified index\")\n\n    def test_add(self):\n        self.assertEqual([\"bread\", \"milk\", \"sugar\", \"eggs\"], add_to_list([\"bread\", \"milk\", \"sugar\"], \"eggs\"), msg=\"item added\")\n"
            },
            "__init__.py" : {
              "name" : "__init__.py",
              "placeholders" : [ ],
              "is_visible" : false,
              "text" : ""
            },
            "tests/__init__.py" : {
              "name" : "tests/__init__.py",
              "placeholders" : [ ],
              "is_visible" : false,
              "text" : ""
            },
            "desktop.ini" : {
              "name" : "desktop.ini",
              "placeholders" : [ ],
              "is_visible" : true,
              "text" : "[\u0000.\u0000S\u0000h\u0000e\u0000l\u0000l\u0000C\u0000l\u0000a\u0000s\u0000s\u0000I\u0000n\u0000f\u0000o\u0000]\u0000\n\u0000\n\u0000C\u0000o\u0000n\u0000f\u0000i\u0000r\u0000m\u0000F\u0000i\u0000l\u0000e\u0000O\u0000p\u0000=\u00000\u0000\n\u0000\n\u0000I\u0000c\u0000o\u0000n\u0000R\u0000e\u0000s\u0000o\u0000u\u0000r\u0000c\u0000e\u0000=\u0000C\u0000:\u0000\\\u0000P\u0000r\u0000o\u0000g\u0000r\u0000a\u0000m\u0000 \u0000F\u0000i\u0000l\u0000e\u0000s\u0000\\\u0000G\u0000o\u0000o\u0000g\u0000l\u0000e\u0000\\\u0000D\u0000r\u0000i\u0000v\u0000e\u0000 \u0000F\u0000i\u0000l\u0000e\u0000 \u0000S\u0000t\u0000r\u0000e\u0000a\u0000m\u0000\\\u00004\u00002\u0000.\u00000\u0000.\u00001\u00001\u0000.\u00000\u0000\\\u0000G\u0000o\u0000o\u0000g\u0000l\u0000e\u0000D\u0000r\u0000i\u0000v\u0000e\u0000F\u0000S\u0000.\u0000e\u0000x\u0000e\u0000,\u00002\u00001\u0000\n\u0000\n\u0000"
            },
            "tests/desktop.ini" : {
              "name" : "tests/desktop.ini",
              "placeholders" : [ ],
              "is_visible" : false,
              "text" : "[\u0000.\u0000S\u0000h\u0000e\u0000l\u0000l\u0000C\u0000l\u0000a\u0000s\u0000s\u0000I\u0000n\u0000f\u0000o\u0000]\u0000\n\u0000\n\u0000C\u0000o\u0000n\u0000f\u0000i\u0000r\u0000m\u0000F\u0000i\u0000l\u0000e\u0000O\u0000p\u0000=\u00000\u0000\n\u0000\n\u0000I\u0000c\u0000o\u0000n\u0000R\u0000e\u0000s\u0000o\u0000u\u0000r\u0000c\u0000e\u0000=\u0000C\u0000:\u0000\\\u0000P\u0000r\u0000o\u0000g\u0000r\u0000a\u0000m\u0000 \u0000F\u0000i\u0000l\u0000e\u0000s\u0000\\\u0000G\u0000o\u0000o\u0000g\u0000l\u0000e\u0000\\\u0000D\u0000r\u0000i\u0000v\u0000e\u0000 \u0000F\u0000i\u0000l\u0000e\u0000 \u0000S\u0000t\u0000r\u0000e\u0000a\u0000m\u0000\\\u00004\u00002\u0000.\u00000\u0000.\u00001\u00001\u0000.\u00000\u0000\\\u0000G\u0000o\u0000o\u0000g\u0000l\u0000e\u0000D\u0000r\u0000i\u0000v\u0000e\u0000F\u0000S\u0000.\u0000e\u0000x\u0000e\u0000,\u00002\u00001\u0000\n\u0000\n\u0000"
            }
          },
          "description_text" : "<html>\n<head>\n<style>\nbody {\n  font-family: Arial, Helvetica, sans-serif;\n  margin: 1em;\n}\np{\n    font-size:1.1em;\n}\nli{\n    font-size:1.1em;\n}\nh1 {\n    font-size:2em;\n}\nh2{\n    font-size:1.7em;\n}\ntd,th{\n   padding:1em;\n   border: .1em solid blue;\n}\ntable{\n   border-collapse:collapse;\n}\n</style>\n</head>\n<h1>Lists</h1>\n<p>\nA list is a data structure that allows you to group items together\n</p>\n<p>\n    A list is contained within square brackets [ ]<br>\n    and the values are separated by commas</p>\n<p>\nValues in the list can be of the same or different types,\nalthough normally lists containing values of the same type are easier to work with\n</p>\n\n<p>You can add an item to the list using<br>\n    <b>list += [item]</b><br>\nYou can access an individual item of a list by using:<br>\n    <b>list[index]</b><br>\nwhere index is a number for 0 to the length of the list minus one</p>\n\n<h3>Example:</h3>\n<p>groceries = [\"bread\", \"milk\", \"sugar\"]<br>\n    groceries += [\"eggs\"]</p>\n<p>the list now has 4 items:</p>\n<ul>\n    <li>groceries[0] = \"bread\"</li>\n    <li>groceries[1] = \"milk\"</li>\n    <li>groceries[2] = \"sugar\"</li>\n    <li>groceries[3] = \"eggs\"</li>\n</ul>\n<h2>Task</h2>\nWrite a function to add an item to a list.<br>\nWrite a function to select an item from a list\n</html>\n",
          "description_format" : "HTML",
          "feedback_link" : {
            "link_type" : "STEPIK"
          },
          "task_type" : "edu"
        },
        {
          "name" : "split function",
          "files" : {
            "main.py" : {
              "name" : "main.py",
              "placeholders" : [
                {
                  "offset" : 95,
                  "length" : 46,
                  "possible_answer" : "american_date.split(\"/\")",
                  "placeholder_text" : "split american_date into a list by separator /"
                },
                {
                  "offset" : 159,
                  "length" : 46,
                  "possible_answer" : "american_date_list[1] + \"/\" + american_date_list[0] + \"/\" + american_date_list[2]",
                  "placeholder_text" : "concatenate the list to get the correct format"
                }
              ],
              "is_visible" : true,
              "text" : "# author\n\namerican_date = input(\"Please enter date in American format: \")\namerican_date_list = split american_date into a list by separator /\n\neuropean_date = concatenate the list to get the correct format\nprint(\"Date in European format is\", european_date)\n"
            },
            "__init__.py" : {
              "name" : "__init__.py",
              "placeholders" : [ ],
              "is_visible" : false,
              "text" : ""
            },
            "tests/output.txt" : {
              "name" : "tests/output.txt",
              "placeholders" : [ ],
              "is_visible" : false,
              "text" : "Please enter date in American format: Date in European format is 31/10/2020\n"
            },
            "desktop.ini" : {
              "name" : "desktop.ini",
              "placeholders" : [ ],
              "is_visible" : true,
              "text" : "[\u0000.\u0000S\u0000h\u0000e\u0000l\u0000l\u0000C\u0000l\u0000a\u0000s\u0000s\u0000I\u0000n\u0000f\u0000o\u0000]\u0000\n\u0000\n\u0000C\u0000o\u0000n\u0000f\u0000i\u0000r\u0000m\u0000F\u0000i\u0000l\u0000e\u0000O\u0000p\u0000=\u00000\u0000\n\u0000\n\u0000I\u0000c\u0000o\u0000n\u0000R\u0000e\u0000s\u0000o\u0000u\u0000r\u0000c\u0000e\u0000=\u0000C\u0000:\u0000\\\u0000P\u0000r\u0000o\u0000g\u0000r\u0000a\u0000m\u0000 \u0000F\u0000i\u0000l\u0000e\u0000s\u0000\\\u0000G\u0000o\u0000o\u0000g\u0000l\u0000e\u0000\\\u0000D\u0000r\u0000i\u0000v\u0000e\u0000 \u0000F\u0000i\u0000l\u0000e\u0000 \u0000S\u0000t\u0000r\u0000e\u0000a\u0000m\u0000\\\u00004\u00002\u0000.\u00000\u0000.\u00001\u00001\u0000.\u00000\u0000\\\u0000G\u0000o\u0000o\u0000g\u0000l\u0000e\u0000D\u0000r\u0000i\u0000v\u0000e\u0000F\u0000S\u0000.\u0000e\u0000x\u0000e\u0000,\u00002\u00001\u0000\n\u0000\n\u0000"
            },
            "tests/desktop.ini" : {
              "name" : "tests/desktop.ini",
              "placeholders" : [ ],
              "is_visible" : false,
              "text" : "[\u0000.\u0000S\u0000h\u0000e\u0000l\u0000l\u0000C\u0000l\u0000a\u0000s\u0000s\u0000I\u0000n\u0000f\u0000o\u0000]\u0000\n\u0000\n\u0000C\u0000o\u0000n\u0000f\u0000i\u0000r\u0000m\u0000F\u0000i\u0000l\u0000e\u0000O\u0000p\u0000=\u00000\u0000\n\u0000\n\u0000I\u0000c\u0000o\u0000n\u0000R\u0000e\u0000s\u0000o\u0000u\u0000r\u0000c\u0000e\u0000=\u0000C\u0000:\u0000\\\u0000P\u0000r\u0000o\u0000g\u0000r\u0000a\u0000m\u0000 \u0000F\u0000i\u0000l\u0000e\u0000s\u0000\\\u0000G\u0000o\u0000o\u0000g\u0000l\u0000e\u0000\\\u0000D\u0000r\u0000i\u0000v\u0000e\u0000 \u0000F\u0000i\u0000l\u0000e\u0000 \u0000S\u0000t\u0000r\u0000e\u0000a\u0000m\u0000\\\u00004\u00002\u0000.\u00000\u0000.\u00001\u00001\u0000.\u00000\u0000\\\u0000G\u0000o\u0000o\u0000g\u0000l\u0000e\u0000D\u0000r\u0000i\u0000v\u0000e\u0000F\u0000S\u0000.\u0000e\u0000x\u0000e\u0000,\u00002\u00001\u0000\n\u0000\n\u0000"
            }
          },
          "description_text" : "<html>\n<head>\n<style>\nbody {\n  font-family: Arial, Helvetica, sans-serif;\n  margin: 1em;\n}\np{\n    font-size:1.1em;\n}\nli{\n    font-size:1.1em;\n}\nh1 {\n    font-size:2em;\n}\nh2{\n    font-size:1.7em;\n}\ntd,th{\n   padding:1em;\n   border: .1em solid blue;\n   text-align: center;\n}\ntable{\n   border-collapse:collapse;\n}\n</style>\n</head>\n<h1>split Method</h1>\n<p>\n    <b>split</b> is a method that breaks down a string by a separator<br>\n    returns a list of words\n</p>\n\n<h3>Example:</h3>\n<p>groceries = \"bread,milk,sugar\"<br>\n    groceries_list = groceries.split(\",\")</p>\n<p>groceries_list will now be a list of [\"bread\", \"milk\", \"sugar\"]</p>\n\n<h2>Task</h2>\nConvert a date in American format (mm/dd/yyyy) <br>\ninto European format (dd/mm/yyyy)<br>\n<h2>Test</h2>\n<table>\n    <tr>\n        <th>American Date</th>\n        <th>European Date</th>\n    </tr>\n    <tr>\n        <td>10/31/2020</td>\n        <td>31/10/2020</td>\n    </tr>\n</table>\n\n</html>\n",
          "description_format" : "HTML",
          "feedback_link" : {
            "link_type" : "STEPIK"
          },
          "task_type" : "output"
        },
        {
          "name" : "for loops",
          "files" : {
            "main.py" : {
              "name" : "main.py",
              "placeholders" : [
                {
                  "offset" : 218,
                  "length" : 8,
                  "possible_answer" : "for grocery in groceries:",
                  "placeholder_text" : "for loop"
                },
                {
                  "offset" : 231,
                  "length" : 13,
                  "possible_answer" : "print(grocery)",
                  "placeholder_text" : "what to print"
                }
              ],
              "is_visible" : true,
              "text" : "# author\n\n# display all colors in the colors list\ncolors = [\"red\", \"green\", \"orange\"]\nfor color in colors:\n    print(color)\n\n# display all groceries in the groceries list\ngroceries = [\"bread\", \"milk\", \"sugar\", \"eggs\"]\nfor loop\n    what to print\n"
            },
            "__init__.py" : {
              "name" : "__init__.py",
              "placeholders" : [ ],
              "is_visible" : false,
              "text" : ""
            },
            "tests/output.txt" : {
              "name" : "tests/output.txt",
              "placeholders" : [ ],
              "is_visible" : false,
              "text" : "red\ngreen\norange\nbread\nmilk\nsugar\neggs\n"
            },
            "desktop.ini" : {
              "name" : "desktop.ini",
              "placeholders" : [ ],
              "is_visible" : true,
              "text" : "[\u0000.\u0000S\u0000h\u0000e\u0000l\u0000l\u0000C\u0000l\u0000a\u0000s\u0000s\u0000I\u0000n\u0000f\u0000o\u0000]\u0000\n\u0000\n\u0000C\u0000o\u0000n\u0000f\u0000i\u0000r\u0000m\u0000F\u0000i\u0000l\u0000e\u0000O\u0000p\u0000=\u00000\u0000\n\u0000\n\u0000I\u0000c\u0000o\u0000n\u0000R\u0000e\u0000s\u0000o\u0000u\u0000r\u0000c\u0000e\u0000=\u0000C\u0000:\u0000\\\u0000P\u0000r\u0000o\u0000g\u0000r\u0000a\u0000m\u0000 \u0000F\u0000i\u0000l\u0000e\u0000s\u0000\\\u0000G\u0000o\u0000o\u0000g\u0000l\u0000e\u0000\\\u0000D\u0000r\u0000i\u0000v\u0000e\u0000 \u0000F\u0000i\u0000l\u0000e\u0000 \u0000S\u0000t\u0000r\u0000e\u0000a\u0000m\u0000\\\u00004\u00002\u0000.\u00000\u0000.\u00001\u00001\u0000.\u00000\u0000\\\u0000G\u0000o\u0000o\u0000g\u0000l\u0000e\u0000D\u0000r\u0000i\u0000v\u0000e\u0000F\u0000S\u0000.\u0000e\u0000x\u0000e\u0000,\u00002\u00001\u0000\n\u0000\n\u0000"
            },
            "tests/desktop.ini" : {
              "name" : "tests/desktop.ini",
              "placeholders" : [ ],
              "is_visible" : false,
              "text" : "[\u0000.\u0000S\u0000h\u0000e\u0000l\u0000l\u0000C\u0000l\u0000a\u0000s\u0000s\u0000I\u0000n\u0000f\u0000o\u0000]\u0000\n\u0000\n\u0000C\u0000o\u0000n\u0000f\u0000i\u0000r\u0000m\u0000F\u0000i\u0000l\u0000e\u0000O\u0000p\u0000=\u00000\u0000\n\u0000\n\u0000I\u0000c\u0000o\u0000n\u0000R\u0000e\u0000s\u0000o\u0000u\u0000r\u0000c\u0000e\u0000=\u0000C\u0000:\u0000\\\u0000P\u0000r\u0000o\u0000g\u0000r\u0000a\u0000m\u0000 \u0000F\u0000i\u0000l\u0000e\u0000s\u0000\\\u0000G\u0000o\u0000o\u0000g\u0000l\u0000e\u0000\\\u0000D\u0000r\u0000i\u0000v\u0000e\u0000 \u0000F\u0000i\u0000l\u0000e\u0000 \u0000S\u0000t\u0000r\u0000e\u0000a\u0000m\u0000\\\u00004\u00002\u0000.\u00000\u0000.\u00001\u00001\u0000.\u00000\u0000\\\u0000G\u0000o\u0000o\u0000g\u0000l\u0000e\u0000D\u0000r\u0000i\u0000v\u0000e\u0000F\u0000S\u0000.\u0000e\u0000x\u0000e\u0000,\u00002\u00001\u0000\n\u0000\n\u0000"
            }
          },
          "description_text" : "<html>\n<head>\n<style>\nbody {\n  font-family: Arial, Helvetica, sans-serif;\n  margin: 1em;\n}\np{\n    font-size:1.1em;\n}\nli{\n    font-size:1.1em;\n}\nh1 {\n    font-size:2em;\n}\nh2{\n    font-size:1.7em;\n}\ntd,th{\n   padding:1em;\n   border: .1em solid blue;\n   text-align: center;\n}\ntable{\n   border-collapse:collapse;\n}\n</style>\n</head>\n<h1>For Loop</h1>\n\n<p>For loops are used when you want to execute a block of code a fixed number of times,<br>\nwhere the program, if not the programmer, knows how many times the block of code should be executed.</p>\n\n\n<h3>Example:</h3>\n<p>Display all the colors in a list</p>\n\n<p>\n    colors = [\"red\", \"green\", \"orange\"]<br>\nfor color in colors:<br>\n&nbsp;&nbsp;&nbsp;&nbsp;&nbsp;print(color)\n</p>\n<p>This code <b>iterates</b> through the colors list using the color variable</p><p>\nFirst, color takes the value of element 0 (\"red\"); it prints \"red\"<br>\nThen, color takes the value of element 1 (\"green\"); it prints \"gren\"<br>\nFinally, color takes the value of element 2 (\"orange\"); it prints \"orange\"<br></p>\n<p>Having run out of colors, the loop stops</p>\n<h2>Task</h2>\n<p>Print all elements of the groceries list</p>\n</html>\n",
          "description_format" : "HTML",
          "feedback_link" : {
            "link_type" : "STEPIK"
          },
          "task_type" : "output"
        },
        {
          "name" : "while loops",
          "files" : {
            "task.py" : {
              "name" : "task.py",
              "placeholders" : [ ],
              "is_visible" : true,
              "text" : "# author\n\n# here are 3 ways of coding this problem:\n# Keep prompting user to enter the secret word\n# until the user either enters the secret word or presses the Enter key\n\nsecret_word = \"Swordfish\"\n\n# way 1 - using Boolean\nisContinue = True\nwhile isContinue:\n    word = input('Guess the secret word (press Enter to quit): ')\n    if word == secret_word or word == \"\":\n        isContinue = False\n\nif word == \"\":\n    print(\"Better luck next time\")\nelse:\n    print(\"We have a winner\")\n\n# way 2 - using break\nwhile True:\n    word = input('Guess the secret word (press Enter to quit): ')\n    if word == secret_word or word == \"\":\n        break\n\nif word == \"\":\n    print(\"Better luck next time\")\nelse:\n    print(\"We have a winner\")\n\n# way 3 negative logic\nword = \" \"\nwhile word != secret_word and word != \"\":\n    word = input('Guess the secret word (press Enter to quit): ')\n\nif word == \"\":\n    print(\"Better luck next time\")\nelse:\n    print(\"We have a winner\")\n"
            },
            "tests/test_task.py" : {
              "name" : "tests/test_task.py",
              "placeholders" : [ ],
              "is_visible" : false,
              "text" : "import unittest\n\n\n\n# todo: replace this with an actual test\nclass TestCase(unittest.TestCase):\n    def test_add(self):\n        self.assertEqual(3, 3, msg=\"always true\")\n"
            },
            "__init__.py" : {
              "name" : "__init__.py",
              "placeholders" : [ ],
              "is_visible" : false,
              "text" : ""
            },
            "tests/__init__.py" : {
              "name" : "tests/__init__.py",
              "placeholders" : [ ],
              "is_visible" : false,
              "text" : ""
            },
            "desktop.ini" : {
              "name" : "desktop.ini",
              "placeholders" : [ ],
              "is_visible" : true,
              "text" : "[\u0000.\u0000S\u0000h\u0000e\u0000l\u0000l\u0000C\u0000l\u0000a\u0000s\u0000s\u0000I\u0000n\u0000f\u0000o\u0000]\u0000\n\u0000\n\u0000C\u0000o\u0000n\u0000f\u0000i\u0000r\u0000m\u0000F\u0000i\u0000l\u0000e\u0000O\u0000p\u0000=\u00000\u0000\n\u0000\n\u0000I\u0000c\u0000o\u0000n\u0000R\u0000e\u0000s\u0000o\u0000u\u0000r\u0000c\u0000e\u0000=\u0000C\u0000:\u0000\\\u0000P\u0000r\u0000o\u0000g\u0000r\u0000a\u0000m\u0000 \u0000F\u0000i\u0000l\u0000e\u0000s\u0000\\\u0000G\u0000o\u0000o\u0000g\u0000l\u0000e\u0000\\\u0000D\u0000r\u0000i\u0000v\u0000e\u0000 \u0000F\u0000i\u0000l\u0000e\u0000 \u0000S\u0000t\u0000r\u0000e\u0000a\u0000m\u0000\\\u00004\u00002\u0000.\u00000\u0000.\u00001\u00001\u0000.\u00000\u0000\\\u0000G\u0000o\u0000o\u0000g\u0000l\u0000e\u0000D\u0000r\u0000i\u0000v\u0000e\u0000F\u0000S\u0000.\u0000e\u0000x\u0000e\u0000,\u00002\u00001\u0000\n\u0000\n\u0000"
            },
            "tests/desktop.ini" : {
              "name" : "tests/desktop.ini",
              "placeholders" : [ ],
              "is_visible" : false,
              "text" : "[\u0000.\u0000S\u0000h\u0000e\u0000l\u0000l\u0000C\u0000l\u0000a\u0000s\u0000s\u0000I\u0000n\u0000f\u0000o\u0000]\u0000\n\u0000\n\u0000C\u0000o\u0000n\u0000f\u0000i\u0000r\u0000m\u0000F\u0000i\u0000l\u0000e\u0000O\u0000p\u0000=\u00000\u0000\n\u0000\n\u0000I\u0000c\u0000o\u0000n\u0000R\u0000e\u0000s\u0000o\u0000u\u0000r\u0000c\u0000e\u0000=\u0000C\u0000:\u0000\\\u0000P\u0000r\u0000o\u0000g\u0000r\u0000a\u0000m\u0000 \u0000F\u0000i\u0000l\u0000e\u0000s\u0000\\\u0000G\u0000o\u0000o\u0000g\u0000l\u0000e\u0000\\\u0000D\u0000r\u0000i\u0000v\u0000e\u0000 \u0000F\u0000i\u0000l\u0000e\u0000 \u0000S\u0000t\u0000r\u0000e\u0000a\u0000m\u0000\\\u00004\u00002\u0000.\u00000\u0000.\u00001\u00001\u0000.\u00000\u0000\\\u0000G\u0000o\u0000o\u0000g\u0000l\u0000e\u0000D\u0000r\u0000i\u0000v\u0000e\u0000F\u0000S\u0000.\u0000e\u0000x\u0000e\u0000,\u00002\u00001\u0000\n\u0000\n\u0000"
            }
          },
          "description_text" : "<html>\n<head>\n<style>\nbody {\n  font-family: Arial, Helvetica, sans-serif;\n  margin: 1em;\n}\np{\n    font-size:1.1em;\n}\nli{\n    font-size:1.1em;\n}\nh1 {\n    font-size:2em;\n}\nh2{\n    font-size:1.7em;\n}\ntd,th{\n   padding:1em;\n   border: .1em solid blue;\n   text-align: center;\n}\ntable{\n   border-collapse:collapse;\n}\n</style>\n<h1>while Loop</h1>\n<p>\n    A while loop executes code statements as long as a condition is true.</p><p> Its format is:\n</p>\n\nwhile condition:<br>\n&nbsp;&nbsp;&nbsp;&nbsp;&nbsp;statements<br>\nwhere condition evaluates to <b>True</b> or <b>False</b>\n\n    <h3>Note:</h3>\n    <p>For the statements to execute, condition must originally be True<br>\n    If the condition never becomes false, we have an <b>infinite loop</b></p>\n    <h2>Task</h2>\n<p>Just look at the code to see how it works<br>\n    <b>The homework assignment has a problem that needs code like  this</b><br>\n    No coding necessary</p>\n    <p>Always validates using <b>Check</b></p>\n\n</html>\n",
          "description_format" : "HTML",
          "feedback_link" : {
            "link_type" : "STEPIK"
          },
          "task_type" : "edu"
        },
        {
          "name" : "while loop exercise",
          "files" : {
            "main.py" : {
              "name" : "main.py",
              "placeholders" : [
                {
                  "offset" : 60,
                  "length" : 18,
                  "possible_answer" : "while is_continue:",
                  "placeholder_text" : "while loop control"
                },
                {
                  "offset" : 139,
                  "length" : 18,
                  "possible_answer" : "if 3 <= len(my_name) <= 20:",
                  "placeholder_text" : "condition for exit"
                }
              ],
              "is_visible" : true,
              "text" : "# author\ndef enter_user_name():\n    is_continue = True\n\n    while loop control\n        my_name = input(\"Please enter your name: \")\n        condition for exit\n            is_continue = False\n        else:\n            print(\"Please enter name whose length is between 3 and 20 characters\")\n\n    return my_name\n\n\nname = enter_user_name()\nprint(\"Hi,\", name)\n"
            },
            "__init__.py" : {
              "name" : "__init__.py",
              "placeholders" : [ ],
              "is_visible" : false,
              "text" : ""
            },
            "tests/output.txt" : {
              "name" : "tests/output.txt",
              "placeholders" : [ ],
              "is_visible" : false,
              "text" : "Please enter your name: Please enter name whose length is between 3 and 20 characters\nPlease enter your name: Please enter name whose length is between 3 and 20 characters\nPlease enter your name: Please enter name whose length is between 3 and 20 characters\nPlease enter your name: Hi, Ace\n"
            },
            "tests/desktop.ini" : {
              "name" : "tests/desktop.ini",
              "placeholders" : [ ],
              "is_visible" : false,
              "text" : "[\u0000.\u0000S\u0000h\u0000e\u0000l\u0000l\u0000C\u0000l\u0000a\u0000s\u0000s\u0000I\u0000n\u0000f\u0000o\u0000]\u0000\n\u0000\n\u0000C\u0000o\u0000n\u0000f\u0000i\u0000r\u0000m\u0000F\u0000i\u0000l\u0000e\u0000O\u0000p\u0000=\u00000\u0000\n\u0000\n\u0000I\u0000c\u0000o\u0000n\u0000R\u0000e\u0000s\u0000o\u0000u\u0000r\u0000c\u0000e\u0000=\u0000C\u0000:\u0000\\\u0000P\u0000r\u0000o\u0000g\u0000r\u0000a\u0000m\u0000 \u0000F\u0000i\u0000l\u0000e\u0000s\u0000\\\u0000G\u0000o\u0000o\u0000g\u0000l\u0000e\u0000\\\u0000D\u0000r\u0000i\u0000v\u0000e\u0000 \u0000F\u0000i\u0000l\u0000e\u0000 \u0000S\u0000t\u0000r\u0000e\u0000a\u0000m\u0000\\\u00004\u00002\u0000.\u00000\u0000.\u00001\u00001\u0000.\u00000\u0000\\\u0000G\u0000o\u0000o\u0000g\u0000l\u0000e\u0000D\u0000r\u0000i\u0000v\u0000e\u0000F\u0000S\u0000.\u0000e\u0000x\u0000e\u0000,\u00002\u00001\u0000\n\u0000\n\u0000"
            },
            "desktop.ini" : {
              "name" : "desktop.ini",
              "placeholders" : [ ],
              "is_visible" : true,
              "text" : "[\u0000.\u0000S\u0000h\u0000e\u0000l\u0000l\u0000C\u0000l\u0000a\u0000s\u0000s\u0000I\u0000n\u0000f\u0000o\u0000]\u0000\n\u0000\n\u0000C\u0000o\u0000n\u0000f\u0000i\u0000r\u0000m\u0000F\u0000i\u0000l\u0000e\u0000O\u0000p\u0000=\u00000\u0000\n\u0000\n\u0000I\u0000c\u0000o\u0000n\u0000R\u0000e\u0000s\u0000o\u0000u\u0000r\u0000c\u0000e\u0000=\u0000C\u0000:\u0000\\\u0000P\u0000r\u0000o\u0000g\u0000r\u0000a\u0000m\u0000 \u0000F\u0000i\u0000l\u0000e\u0000s\u0000\\\u0000G\u0000o\u0000o\u0000g\u0000l\u0000e\u0000\\\u0000D\u0000r\u0000i\u0000v\u0000e\u0000 \u0000F\u0000i\u0000l\u0000e\u0000 \u0000S\u0000t\u0000r\u0000e\u0000a\u0000m\u0000\\\u00004\u00002\u0000.\u00000\u0000.\u00001\u00001\u0000.\u00000\u0000\\\u0000G\u0000o\u0000o\u0000g\u0000l\u0000e\u0000D\u0000r\u0000i\u0000v\u0000e\u0000F\u0000S\u0000.\u0000e\u0000x\u0000e\u0000,\u00002\u00001\u0000\n\u0000\n\u0000"
            }
          },
          "description_text" : "<html>\n<head>\n<style>\nbody {\n  font-family: Arial, Helvetica, sans-serif;\n  margin: 1em;\n}\np{\n    font-size:1.1em;\n}\nli{\n    font-size:1.1em;\n}\nh1 {\n    font-size:2em;\n}\nh2{\n    font-size:1.7em;\n}\ntd,th{\n   padding:1em;\n   border: .1em solid blue;\n   text-align: center;\n}\ntable{\n   border-collapse:collapse;\n}\n</style>\n<h1>while Loop Exercise</h1>\n<h2>Task</h2>\n\n    <p>Write a validation function that</p>\n<ul>\n<li>ensures the user enters a name whose length is between 3 and 20 inclusive.</li>\n<li>displays an error message until the user enters a name of the proper length.</li>\n</ul>\n    <p>Then say \"hi\" to the user</p>\n<h2>Tests</h2>\n<table>\n    <tr>\n        <th>Name</th>\n        <th>output</th>\n    </tr>\n    <tr>\n        <td></td>\n        <td>Please enter name whose length is between 3 and 20 characters</td>\n    </tr>\n    <tr>\n        <td>ab</td>\n        <td>Please enter name whose length is between 3 and 20 characters</td>\n    </tr>\n        <tr>\n        <td>123456789012345678901</td>\n        <td>Please enter name whose length is between 3 and 20 characters</td>\n    </tr>\n    <tr>\n        <td>Ace</td>\n        <td>Hi, Ace</td>\n    </tr>\n</table>\n\n</html>\n",
          "description_format" : "HTML",
          "feedback_link" : {
            "link_type" : "STEPIK"
          },
          "task_type" : "output"
        }
      ],
      "type" : "lesson"
    }
  ],
  "additional_files" : [
    {
      "name" : "lesson1/desktop.ini",
      "placeholders" : [ ],
      "is_visible" : true,
      "text" : "[\u0000.\u0000S\u0000h\u0000e\u0000l\u0000l\u0000C\u0000l\u0000a\u0000s\u0000s\u0000I\u0000n\u0000f\u0000o\u0000]\u0000\r\u0000\n\u0000C\u0000o\u0000n\u0000f\u0000i\u0000r\u0000m\u0000F\u0000i\u0000l\u0000e\u0000O\u0000p\u0000=\u00000\u0000\r\u0000\n\u0000I\u0000c\u0000o\u0000n\u0000R\u0000e\u0000s\u0000o\u0000u\u0000r\u0000c\u0000e\u0000=\u0000C\u0000:\u0000\\\u0000P\u0000r\u0000o\u0000g\u0000r\u0000a\u0000m\u0000 \u0000F\u0000i\u0000l\u0000e\u0000s\u0000\\\u0000G\u0000o\u0000o\u0000g\u0000l\u0000e\u0000\\\u0000D\u0000r\u0000i\u0000v\u0000e\u0000 \u0000F\u0000i\u0000l\u0000e\u0000 \u0000S\u0000t\u0000r\u0000e\u0000a\u0000m\u0000\\\u00004\u00002\u0000.\u00000\u0000.\u00001\u00001\u0000.\u00000\u0000\\\u0000G\u0000o\u0000o\u0000g\u0000l\u0000e\u0000D\u0000r\u0000i\u0000v\u0000e\u0000F\u0000S\u0000.\u0000e\u0000x\u0000e\u0000,\u00002\u00001\u0000\r\u0000\n\u0000"
    },
    {
      "name" : "desktop.ini",
      "placeholders" : [ ],
      "is_visible" : true,
      "text" : "[\u0000.\u0000S\u0000h\u0000e\u0000l\u0000l\u0000C\u0000l\u0000a\u0000s\u0000s\u0000I\u0000n\u0000f\u0000o\u0000]\u0000\r\u0000\n\u0000C\u0000o\u0000n\u0000f\u0000i\u0000r\u0000m\u0000F\u0000i\u0000l\u0000e\u0000O\u0000p\u0000=\u00000\u0000\r\u0000\n\u0000I\u0000c\u0000o\u0000n\u0000R\u0000e\u0000s\u0000o\u0000u\u0000r\u0000c\u0000e\u0000=\u0000C\u0000:\u0000\\\u0000P\u0000r\u0000o\u0000g\u0000r\u0000a\u0000m\u0000 \u0000F\u0000i\u0000l\u0000e\u0000s\u0000\\\u0000G\u0000o\u0000o\u0000g\u0000l\u0000e\u0000\\\u0000D\u0000r\u0000i\u0000v\u0000e\u0000 \u0000F\u0000i\u0000l\u0000e\u0000 \u0000S\u0000t\u0000r\u0000e\u0000a\u0000m\u0000\\\u00004\u00002\u0000.\u00000\u0000.\u00001\u00001\u0000.\u00000\u0000\\\u0000G\u0000o\u0000o\u0000g\u0000l\u0000e\u0000D\u0000r\u0000i\u0000v\u0000e\u0000F\u0000S\u0000.\u0000e\u0000x\u0000e\u0000,\u00002\u00001\u0000\r\u0000\n\u0000"
    }
  ],
  "version" : 11
}